system:index,Delta_BSI,Delta_MNDWI,Delta_NDBI,Delta_NDVI,Delta_NDWI,.geo
5,-0.00573101558725686,-0.06959556091157443,0.007338529373003111,0.025136925399836696,-0.03926700815587114,"{""type"":""MultiPoint"",""coordinates"":[]}"
16,-0.03575519109473235,-0.08291059707176385,-0.011099842595208687,0.05525510297015401,-0.057082807556334325,"{""type"":""MultiPoint"",""coordinates"":[]}"
27,-0.04327060346315842,-0.03896688452371888,-0.019817707827406272,0.05781149897200755,-0.04012083299693292,"{""type"":""MultiPoint"",""coordinates"":[]}"
39,0.1563199354544026,-0.03661113749637335,0.12697743014821578,-0.09082761028244135,0.06123512444183288,"{""type"":""MultiPoint"",""coordinates"":[]}"
77,0.019120660020888386,-0.09972859182183508,0.03994594831207726,0.029920710856534694,-0.05129921499923307,"{""type"":""MultiPoint"",""coordinates"":[]}"
78,-0.05748222707370915,-0.0716712264204033,-0.03543418283984917,0.06068006698564232,-0.06444873714092925,"{""type"":""MultiPoint"",""coordinates"":[]}"
80,-0.08745549513917189,1.7922093563355057E-4,-0.06786830205575922,0.06287882301638548,-0.040274673755723134,"{""type"":""MultiPoint"",""coordinates"":[]}"
91,-0.11132472132516949,-0.06061153969995475,-0.07371198706916793,0.10781148915728533,-0.08347724460573391,"{""type"":""MultiPoint"",""coordinates"":[]}"
102,-0.03908128444576192,-0.12678908210560125,0.004023783138518089,0.05843885566069351,-0.07443990065805717,"{""type"":""MultiPoint"",""coordinates"":[]}"
148,-0.09676856831391673,-0.06270525376569197,-0.06898357777609193,0.09530203393830283,-0.08230528354278766,"{""type"":""MultiPoint"",""coordinates"":[]}"
169,-0.018937617764030357,0.025451547432946253,-0.025344676227096408,0.01667356566276601,-3.837502878567545E-5,"{""type"":""MultiPoint"",""coordinates"":[]}"
208,-0.006364000708927347,-0.04204116032198957,0.013299125549646698,0.03197771061697868,-0.027292539032237384,"{""type"":""MultiPoint"",""coordinates"":[]}"
241,0.09799082331231812,-0.06918107076199387,0.10265495304984279,-0.03981354843702878,0.014064899310586965,"{""type"":""MultiPoint"",""coordinates"":[]}"
250,0.007072880217910971,-0.011295473885265361,0.010538708943964248,-0.01106521105263536,-9.8242289595174E-4,"{""type"":""MultiPoint"",""coordinates"":[]}"
251,-0.08565154815942377,-0.09919547085894614,-0.05519636525484328,0.09555450850296121,-0.09163699020427174,"{""type"":""MultiPoint"",""coordinates"":[]}"
274,-0.02076855848916842,-0.10676983963665049,-7.175216122413675E-4,0.048374611138244705,-0.07017905600059526,"{""type"":""MultiPoint"",""coordinates"":[]}"
275,0.02549323045215296,-0.06845698520938232,0.04947444096612069,0.00847052750197197,-0.016750946777343345,"{""type"":""MultiPoint"",""coordinates"":[]}"
289,-0.016137905698683896,-0.03341384735095987,-0.010449868509946003,0.025510887066910848,-0.028157614155783883,"{""type"":""MultiPoint"",""coordinates"":[]}"
297,-0.18179091893224608,0.0940946478007664,-0.12448962150958759,0.13777114637659482,-0.033119778679237655,"{""type"":""MultiPoint"",""coordinates"":[]}"
301,-0.05134428999773344,-0.11846057721171976,-0.021781505725025685,0.07383338844101883,-0.08335874130869658,"{""type"":""MultiPoint"",""coordinates"":[]}"
304,-0.09102448778958272,-0.07779438247410919,-0.044929013955097685,0.09087178300655385,-0.07343318123387865,"{""type"":""MultiPoint"",""coordinates"":[]}"
311,-0.1345702294966098,0.014208408703623776,-0.10283417749322143,0.1022894728279774,-0.05279747651821487,"{""type"":""MultiPoint"",""coordinates"":[]}"
323,0.09309192468789429,-0.07515282234540005,0.09467722396434533,-0.05921328926029812,0.005896730909413006,"{""type"":""MultiPoint"",""coordinates"":[]}"
329,-0.05117742159023192,-0.04550723075565072,-0.040404211881190866,0.04136572105368097,-0.05305146811766992,"{""type"":""MultiPoint"",""coordinates"":[]}"
365,0.0548592095719474,-0.07742310170303202,0.060406445325578484,-0.020718199985732766,-0.013254540394090797,"{""type"":""MultiPoint"",""coordinates"":[]}"
370,0.1950884607084236,0.2598861340774087,0.18373496500163428,-0.4304539423002396,0.34230672136991475,"{""type"":""MultiPoint"",""coordinates"":[]}"
395,-0.022062367589209986,-0.10526474954868997,0.0032442035715695705,0.06620389577440289,-0.06623658567129465,"{""type"":""MultiPoint"",""coordinates"":[]}"
416,-0.03978876955302779,-0.13498013561549405,-0.011449923208555035,0.06865684647743975,-0.08626291830225619,"{""type"":""MultiPoint"",""coordinates"":[]}"
427,-0.046157688179420564,-0.1028237633458649,-0.022221673770599193,0.050256482655667845,-0.07512392060503004,"{""type"":""MultiPoint"",""coordinates"":[]}"
446,-0.07973193886733881,-0.06626424508742901,-0.03719788055201417,0.08892515040101967,-0.05875941953718189,"{""type"":""MultiPoint"",""coordinates"":[]}"
450,0.04393206645526712,-0.047264288542248734,0.04436889247675169,-0.017023294852313797,-0.005696850620215188,"{""type"":""MultiPoint"",""coordinates"":[]}"
453,-0.12152510104910363,-0.1001726892533153,-0.06871073091426128,0.1254323054772899,-0.0993933270098295,"{""type"":""MultiPoint"",""coordinates"":[]}"
456,0.029792293916447832,-0.044511199628188,0.019718839787232822,-0.03468967104882292,-0.01954908986967374,"{""type"":""MultiPoint"",""coordinates"":[]}"
467,-0.04989461121115468,0.005608811984019246,-0.044786686154722366,0.019578773847216846,-0.02355020488214754,"{""type"":""MultiPoint"",""coordinates"":[]}"
470,-0.04231334367085099,-0.0619129286998521,-0.020526266767700474,0.04732857517925604,-0.050633147666671596,"{""type"":""MultiPoint"",""coordinates"":[]}"
486,0.028027765284568684,-0.03794730104951499,0.02478036471395645,0.035620061871911024,-0.009368699142870307,"{""type"":""MultiPoint"",""coordinates"":[]}"
490,0.021473072989249546,-0.07946823615094817,0.05194118992055673,0.01795853260130259,-0.029633510796550078,"{""type"":""MultiPoint"",""coordinates"":[]}"
493,0.03454637039645991,-0.10443017159345891,0.027129472378842168,0.0872097879807372,-0.04857909804867655,"{""type"":""MultiPoint"",""coordinates"":[]}"
497,-0.09097559679500566,-0.06885003325212957,-0.046310965677738514,0.08747906094699731,-0.06523601884787322,"{""type"":""MultiPoint"",""coordinates"":[]}"
515,-0.057916656376450826,-0.03906342542609548,-0.037396543592130904,0.05044623655861069,-0.04531751914382276,"{""type"":""MultiPoint"",""coordinates"":[]}"
536,-0.02195606680450557,-0.11008972878532669,0.008753773972777212,0.06255587417748498,-0.06629871741749738,"{""type"":""MultiPoint"",""coordinates"":[]}"
557,-0.1037915760114469,-0.03616263828332039,-0.06679154681265659,0.09420526255657558,-0.06894145219899428,"{""type"":""MultiPoint"",""coordinates"":[]}"
592,-0.1383386405832524,0.015188245096407704,-0.11280876818333085,0.08426008723121092,-0.0564588488163128,"{""type"":""MultiPoint"",""coordinates"":[]}"
596,-0.03499421912633521,-0.06652016376290448,-0.008537852124105794,0.05249824584462581,-0.04425415373309538,"{""type"":""MultiPoint"",""coordinates"":[]}"
612,-0.047110081086836064,-0.02619974967682337,-0.037192134876898264,0.03820216874780824,-0.03818145702134834,"{""type"":""MultiPoint"",""coordinates"":[]}"
626,0.2379146128042373,-0.012277938986909875,0.20932145680883504,-0.2136003495259,0.1414552184898734,"{""type"":""MultiPoint"",""coordinates"":[]}"
634,0.12209989619616679,-0.04787597574607949,0.1184917543489579,-0.10028753232155219,0.04074588338694807,"{""type"":""MultiPoint"",""coordinates"":[]}"
641,0.29348879475811385,0.09641219850427712,0.2710148110312944,-0.3782632106040864,0.2871608463181748,"{""type"":""MultiPoint"",""coordinates"":[]}"
655,0.030035974303638996,-0.057306406656090214,0.03704777189894232,-0.00921054865522053,-0.018105525452353333,"{""type"":""MultiPoint"",""coordinates"":[]}"
673,-0.06357230872135061,-0.21515973260385418,9.589591227950334E-4,0.15966867373215943,-0.13849094335601664,"{""type"":""MultiPoint"",""coordinates"":[]}"
678,0.013422688109967829,0.0545333339948012,0.002556775457674243,-0.037128765293091615,0.033788629622323985,"{""type"":""MultiPoint"",""coordinates"":[]}"
715,-0.05750697037204994,-0.05794464046119452,-0.026452582254070323,0.05879508774051756,-0.051160997108929074,"{""type"":""MultiPoint"",""coordinates"":[]}"
720,-0.07903666635711498,-0.15118106011742205,-0.03199983004292234,0.1338992037402229,-0.12163533594261555,"{""type"":""MultiPoint"",""coordinates"":[]}"
729,-0.024056725276318025,-0.07429521416470913,-0.002588871828742234,0.057894947740665836,-0.05124098809093658,"{""type"":""MultiPoint"",""coordinates"":[]}"
735,-0.07552176092782997,-0.05352941945866413,-0.05594601767283042,0.059225368498226794,-0.0677664944234011,"{""type"":""MultiPoint"",""coordinates"":[]}"
736,-0.06645343788684832,-0.1369337560136778,-0.01998329659431608,0.09335770382584285,-0.08944843964141724,"{""type"":""MultiPoint"",""coordinates"":[]}"
770,-0.027373844058749597,-0.027352708897601052,-0.023393048386572635,0.010616215023157682,-0.03054627403586907,"{""type"":""MultiPoint"",""coordinates"":[]}"
792,-0.05838414282149007,-0.09897814290176904,-0.029039345577745124,0.05824239604891168,-0.07318871929394233,"{""type"":""MultiPoint"",""coordinates"":[]}"
799,0.06288020262954422,-0.05474006564752143,0.07103593747099213,-0.030897069873354277,0.007586311419456426,"{""type"":""MultiPoint"",""coordinates"":[]}"
812,-0.03443785657534515,-0.039092165436781956,-0.022944225394889495,0.03176924928530456,-0.039682923707183626,"{""type"":""MultiPoint"",""coordinates"":[]}"
819,-0.00218762886470536,-0.014532114107467242,7.683220261080481E-4,0.01182666913263064,-0.008857272411952777,"{""type"":""MultiPoint"",""coordinates"":[]}"
827,0.22595076410499593,0.08829037034554482,0.19547539298679695,-0.2778063775183527,0.2043269255378704,"{""type"":""MultiPoint"",""coordinates"":[]}"
841,-0.13795905405900152,0.033720958386979416,-0.11049036330810683,0.14723681362698327,-0.05463754450888947,"{""type"":""MultiPoint"",""coordinates"":[]}"
867,-0.0013999363167368495,0.012043945255389765,-0.005086845012748531,-0.004390266038298063,0.0047087869620547895,"{""type"":""MultiPoint"",""coordinates"":[]}"
876,-0.028057089115692713,-0.0596897446397488,-0.018386211232250704,0.029019448599939324,-0.04577455830190458,"{""type"":""MultiPoint"",""coordinates"":[]}"
886,0.03212499377837885,0.028782937106442252,0.028736583526621062,-0.0575476488221901,0.038897300029800075,"{""type"":""MultiPoint"",""coordinates"":[]}"
894,-0.004719954095091461,-0.05497383738793438,-0.0029540006798693397,0.0072425107121849575,-0.03703715795391027,"{""type"":""MultiPoint"",""coordinates"":[]}"
902,-0.044152282132256304,-0.010734411733174853,-0.037047804728146505,0.018599983874000747,-0.029020189853733558,"{""type"":""MultiPoint"",""coordinates"":[]}"
922,0.08718682215268075,0.02726344928505653,0.07485714429218532,-0.06797323270414712,0.06336993987083728,"{""type"":""MultiPoint"",""coordinates"":[]}"
928,-0.09656912974821893,-0.1254990200218158,-0.050114946792526704,0.13319221116975022,-0.11097901546399036,"{""type"":""MultiPoint"",""coordinates"":[]}"
929,-0.0658519179657554,-0.07388399884001567,-0.04611542101242261,0.05648456578932737,-0.07292542102230681,"{""type"":""MultiPoint"",""coordinates"":[]}"
931,0.004575143095433776,0.015243667141194406,-0.008013074570418277,-0.02212245916605804,0.0045062741659832595,"{""type"":""MultiPoint"",""coordinates"":[]}"
933,-0.13258869416635194,0.03167582304924055,-0.10433969914727875,0.09359166244901973,-0.04675399342761766,"{""type"":""MultiPoint"",""coordinates"":[]}"
944,0.08103119978736445,-0.03290733293554293,0.07133066463471688,-0.06695316220230108,0.01988066157116075,"{""type"":""MultiPoint"",""coordinates"":[]}"
963,0.01274321213079943,0.025970448636163712,0.0026149895420146674,-0.0377502339837239,0.01775512715639127,"{""type"":""MultiPoint"",""coordinates"":[]}"
972,0.026732411647323595,0.031197762366897808,0.009636527919851479,-0.03921855109921413,0.02611125630335598,"{""type"":""MultiPoint"",""coordinates"":[]}"
991,-0.10266909677090247,-0.05770250778270014,-0.048738673475117344,0.09758618721726342,-0.06249070223012265,"{""type"":""MultiPoint"",""coordinates"":[]}"
1009,-0.01684616172147896,-0.0881976288747035,0.01768536284055139,0.055626196707799336,-0.046297855896997975,"{""type"":""MultiPoint"",""coordinates"":[]}"
1029,0.024847222713083067,-0.05052211264060047,0.03079776937350215,-0.012433520503103979,-0.016022419553234357,"{""type"":""MultiPoint"",""coordinates"":[]}"
1064,-0.04294590403096982,-0.01632871344887077,-0.02277710579140857,0.026645956746705335,-0.024471040585180792,"{""type"":""MultiPoint"",""coordinates"":[]}"
1137,-0.004125506267770557,-0.12279815300663666,0.03358380189799037,0.07717825154442248,-0.06648024943853847,"{""type"":""MultiPoint"",""coordinates"":[]}"
1154,-0.15044293951859533,-0.15342665496269609,-0.10010638205906486,0.1515757119097345,-0.1512243630893415,"{""type"":""MultiPoint"",""coordinates"":[]}"
1161,-0.06473780233461784,-0.08899062039595179,-0.024374926951418685,0.08991026749649711,-0.06991343626842006,"{""type"":""MultiPoint"",""coordinates"":[]}"
1179,0.05149562130396604,-0.04455088613021868,0.05853876801217034,-0.03186563131728448,0.00530407396803001,"{""type"":""MultiPoint"",""coordinates"":[]}"
1182,-0.07425265221648458,-0.015155271117494484,-0.03312609392722976,0.08712411068256243,-0.030757264763411563,"{""type"":""MultiPoint"",""coordinates"":[]}"
1184,-0.24749628897352174,-0.4348993099075989,-0.07575744890036512,0.4244439657032619,-0.34577973391087496,"{""type"":""MultiPoint"",""coordinates"":[]}"
1197,-0.0837681551504682,-0.05577412639675461,-0.05975942593561023,0.06814902468433093,-0.06372951016669204,"{""type"":""MultiPoint"",""coordinates"":[]}"
1205,-0.008919549556698325,0.004753720799819394,-0.013681819867635225,0.005451429029853849,-0.005744569740143812,"{""type"":""MultiPoint"",""coordinates"":[]}"
1210,0.04262091968232794,0.002690534880427642,0.014663372251905948,-0.03221677449934679,0.01454906245926707,"{""type"":""MultiPoint"",""coordinates"":[]}"
1215,0.01983867060808897,0.05002189564302684,1.3754324743514568E-4,-0.04825744263542586,0.03163479666480573,"{""type"":""MultiPoint"",""coordinates"":[]}"
1217,0.0017940020081226304,-0.08480632909434727,0.019909577230781572,0.036529971442025966,-0.04179847476374532,"{""type"":""MultiPoint"",""coordinates"":[]}"
1222,-0.2792579106755606,-0.4992169399745821,-0.06818373535027472,0.5605275652546274,-0.41434046426755144,"{""type"":""MultiPoint"",""coordinates"":[]}"
1255,-0.015708103837002996,0.020671248942147058,-0.022147995766287842,-0.013286035100955829,-0.0011994869269006392,"{""type"":""MultiPoint"",""coordinates"":[]}"
1275,-0.05538746054587973,-0.07727093222499071,-0.01280901596934042,0.07729653530013414,-0.05400096882654659,"{""type"":""MultiPoint"",""coordinates"":[]}"
1289,0.01655643145827268,-0.08786924682277802,0.02357690661387929,0.005757355934579378,-0.03821491993238291,"{""type"":""MultiPoint"",""coordinates"":[]}"
1307,0.1820711227643488,-0.06748799362798724,0.18501705648057407,-0.10346435132201437,0.060743497858229745,"{""type"":""MultiPoint"",""coordinates"":[]}"
1312,0.08472323574719309,0.061452924674256615,0.06035073982563566,-0.10337128014286945,0.0777039438084085,"{""type"":""MultiPoint"",""coordinates"":[]}"
1327,-0.29176768311643997,-0.25323391011204366,-0.18503879098720905,0.3629792886805274,-0.2895125062374391,"{""type"":""MultiPoint"",""coordinates"":[]}"
1356,-0.23436858150849585,-0.2827582712767487,-0.14002716304947505,0.2892336084841933,-0.2700181461110649,"{""type"":""MultiPoint"",""coordinates"":[]}"
1376,0.07557770167515546,-0.06314830715405595,0.09078270661749599,-0.027215042332776718,0.015052987918370953,"{""type"":""MultiPoint"",""coordinates"":[]}"
1390,-0.12956851552519028,-0.06262052216218911,-0.07909908864763954,0.14940336165831858,-0.09394993995129797,"{""type"":""MultiPoint"",""coordinates"":[]}"
1423,0.11727374201557825,-0.06857573566494768,0.12377001775739263,-0.060063434583625064,0.027368275686775023,"{""type"":""MultiPoint"",""coordinates"":[]}"
1445,-0.07442791279591837,-0.06878729409400447,-0.04507925658361078,0.08257853372233881,-0.07185643986830537,"{""type"":""MultiPoint"",""coordinates"":[]}"
1481,0.07464955141928754,-0.08762942873503415,0.0885300649894155,-0.0189985667320966,-0.0044446843152583515,"{""type"":""MultiPoint"",""coordinates"":[]}"
1512,0.057868115212032584,-0.01779520333695289,0.053491837398700615,-0.05996930570664849,0.020696443170031498,"{""type"":""MultiPoint"",""coordinates"":[]}"
1516,-0.0554123070887399,0.027180191145550592,-0.05581920844933491,0.01389232006580865,-0.017379822580680937,"{""type"":""MultiPoint"",""coordinates"":[]}"
1518,-0.018988672795199113,-0.027838429835186196,-0.016139436408991348,0.015326721196873394,-0.02813844928858167,"{""type"":""MultiPoint"",""coordinates"":[]}"
1520,-0.04983807093145848,-0.15332379542125002,-0.004652432428567499,0.08992632330916861,-0.09708682324608908,"{""type"":""MultiPoint"",""coordinates"":[]}"
1530,0.21354589456323483,0.0021568296847551127,0.20791242200583432,-0.2154301627404942,0.15304500425515244,"{""type"":""MultiPoint"",""coordinates"":[]}"
1533,-0.16483696981120183,-0.09038754710195807,-0.09657038124563233,0.2062787166683251,-0.12383648026347194,"{""type"":""MultiPoint"",""coordinates"":[]}"
1536,-0.1627703295419911,-0.11026055839270998,-0.12009475072249803,0.12679976250883063,-0.12995487072643408,"{""type"":""MultiPoint"",""coordinates"":[]}"
1556,-0.015403065868167976,-0.10695685345236838,0.010426320471989492,0.03621214383609128,-0.05734427586252877,"{""type"":""MultiPoint"",""coordinates"":[]}"
1559,-0.044870214832994526,0.01985915732853294,-0.044267225421599665,0.015292330214231376,-0.015502589580742132,"{""type"":""MultiPoint"",""coordinates"":[]}"
1564,-0.05962043556122748,-0.06297014417406455,-0.03296612619314804,0.061483616201880364,-0.05913920454340382,"{""type"":""MultiPoint"",""coordinates"":[]}"
1565,-0.01966205483918404,-0.06717069785329721,4.8592126634378063E-4,0.030786829612418076,-0.04350742396308749,"{""type"":""MultiPoint"",""coordinates"":[]}"
1575,0.019537923037770077,0.009466495108452488,0.016897503776925782,-0.03792785629187412,0.01653846860927133,"{""type"":""MultiPoint"",""coordinates"":[]}"
1582,-0.03514834019300739,-0.09968661178588767,-0.007920059074334351,0.07593047204155512,-0.06827914529362311,"{""type"":""MultiPoint"",""coordinates"":[]}"
1602,-0.010201470348647379,-0.07565716624899549,0.013625231160955098,0.031226552714255007,-0.040196098800736824,"{""type"":""MultiPoint"",""coordinates"":[]}"
1638,-0.25069510915996174,-0.33105510722693393,-0.11862467896401852,0.3445309066660637,-0.288834243392755,"{""type"":""MultiPoint"",""coordinates"":[]}"
1686,-0.05622428747282271,-0.08487508085401213,-0.023327197137359867,0.07281636865164332,-0.06232951114804852,"{""type"":""MultiPoint"",""coordinates"":[]}"
1688,-0.11843862313489639,0.07324228638313568,-0.09226777618276044,0.07063581979857614,-0.013667730095432096,"{""type"":""MultiPoint"",""coordinates"":[]}"
1698,0.097862890058735,-0.0025167850963160876,0.09135213414397092,-0.05990170117484983,0.051425093768629804,"{""type"":""MultiPoint"",""coordinates"":[]}"
1704,-0.017929598267075297,-0.0769522175883009,-0.001094461224242116,0.03796405204664288,-0.04746028719225448,"{""type"":""MultiPoint"",""coordinates"":[]}"
1705,-0.0096354289752138,-0.08706240418186606,0.021075423809969518,0.03158412669401922,-0.04502727595490574,"{""type"":""MultiPoint"",""coordinates"":[]}"
1731,0.0037578856640543834,-0.056907302310979124,0.009207029650742271,0.010811419209570405,-0.03131126163035691,"{""type"":""MultiPoint"",""coordinates"":[]}"
1780,-0.02734805367941326,-0.016457585232968364,-0.0013431186054388422,0.03473054578180301,-0.01263255403538699,"{""type"":""MultiPoint"",""coordinates"":[]}"
1781,-0.055759933986876564,-0.09393064611737972,-0.017220981475682018,0.06930308239547056,-0.06158696563867205,"{""type"":""MultiPoint"",""coordinates"":[]}"
1797,-0.2325645170158389,-0.1053522375735344,-0.18513024387543275,0.18171049353950774,-0.1834770917955505,"{""type"":""MultiPoint"",""coordinates"":[]}"
1799,-0.05047304306189199,-0.09978945550879997,-0.022156197553071688,0.06380346310036378,-0.06885263158996735,"{""type"":""MultiPoint"",""coordinates"":[]}"
1805,0.029367030741442313,-0.04649690900661879,0.032243554284557385,-5.6548177937876254E-5,-0.011042139365810555,"{""type"":""MultiPoint"",""coordinates"":[]}"
1820,-0.030034691607603414,-0.016047947444659594,-0.02599617137825927,0.02192358755044288,-0.02495795704396031,"{""type"":""MultiPoint"",""coordinates"":[]}"
1823,-0.2692750644034784,-0.3029528114936915,-0.14439589154058619,0.3692523031357041,-0.3017256947050728,"{""type"":""MultiPoint"",""coordinates"":[]}"
1830,0.002224903156179847,-0.0011004391067906405,-2.5303759131589665E-4,-0.013033663120892824,-8.516591316511946E-4,"{""type"":""MultiPoint"",""coordinates"":[]}"
1833,-0.03319220971015274,-0.048437033690750864,-0.008773262025876083,0.033605172709550435,-0.038112736502004085,"{""type"":""MultiPoint"",""coordinates"":[]}"
1852,-0.07054867372946216,-0.09305968345636945,-0.03308271846446925,0.09212627149733787,-0.07595675525653478,"{""type"":""MultiPoint"",""coordinates"":[]}"
1855,-0.12497251026735234,0.10628551226913308,-0.12124991307648275,0.07012146639337558,-0.011476054683163928,"{""type"":""MultiPoint"",""coordinates"":[]}"
1856,-0.08887709423411277,-0.05555655792862518,-0.04508317218792801,0.0971799165746966,-0.060117117897118266,"{""type"":""MultiPoint"",""coordinates"":[]}"
1873,-0.0549604954581176,-0.09570030899859933,-0.03289171808769048,0.07407809263396781,-0.08245498022662967,"{""type"":""MultiPoint"",""coordinates"":[]}"
1878,-0.009293248304429125,-0.0942947486242749,0.022300970284575505,0.042434826432220296,-0.04431385176216507,"{""type"":""MultiPoint"",""coordinates"":[]}"
1885,-0.027047337063847626,-0.010629212245553243,-0.02312498526295309,0.030355645808739173,-0.026543755520077483,"{""type"":""MultiPoint"",""coordinates"":[]}"
1909,-0.08651633258379393,-0.03805342364801734,-0.06891923351610463,0.07669927264603826,-0.06604818679929048,"{""type"":""MultiPoint"",""coordinates"":[]}"
1916,0.14823662634480114,-0.09542587378311795,0.14649127980393314,-0.07732147018829327,0.018660214079569304,"{""type"":""MultiPoint"",""coordinates"":[]}"
1964,-0.007100010820605629,-0.06736161323944378,0.016457006979481936,0.03338363009422196,-0.030348657483836083,"{""type"":""MultiPoint"",""coordinates"":[]}"
1997,-0.05009651403633081,-0.09625903314687523,-0.02160450116238294,0.0709549469295836,-0.06974169383203332,"{""type"":""MultiPoint"",""coordinates"":[]}"
2005,-0.035264144977619205,-0.054531345749347926,-0.02182536174459132,0.06303663732376463,-0.04969573445437836,"{""type"":""MultiPoint"",""coordinates"":[]}"
2006,0.11409863269342768,0.18952074900283808,0.01950247599297833,-0.1850508686755581,0.13717555011417215,"{""type"":""MultiPoint"",""coordinates"":[]}"
2017,0.014004727192380717,-0.02754248774179019,0.009661087214579311,-0.025886111489441865,-0.012962274716897704,"{""type"":""MultiPoint"",""coordinates"":[]}"
2050,-0.012594498243707036,-0.03305064281666814,-0.016980962639816466,-0.0024028569743789197,-0.03310020500875288,"{""type"":""MultiPoint"",""coordinates"":[]}"
2058,0.059402556112158805,-0.09402003903139611,0.08975008771648807,0.010585516199554168,-0.006770019917431758,"{""type"":""MultiPoint"",""coordinates"":[]}"
2074,-0.10131184653285075,-0.01636466569320455,-0.07509345319033983,0.08522679751075479,-0.05554056717971778,"{""type"":""MultiPoint"",""coordinates"":[]}"
2084,-0.0326236676997142,-0.07352635692522774,6.144092156474268E-4,0.06118776011564797,-0.04348610325464075,"{""type"":""MultiPoint"",""coordinates"":[]}"
2094,0.17885259746944013,-0.07214106935829023,0.16337434928674788,-0.15409314095806526,0.05488996781086464,"{""type"":""MultiPoint"",""coordinates"":[]}"
2116,0.0788408255326189,-0.06905532897326444,0.08209822606108086,-0.03135916627092694,0.0022834489067529162,"{""type"":""MultiPoint"",""coordinates"":[]}"
2124,0.11560484453685396,0.13294712851659102,0.08770195019280547,-0.17824281679803333,0.15339329239087607,"{""type"":""MultiPoint"",""coordinates"":[]}"
2134,-0.07078375444605808,-0.07908120464521745,-0.04071665536352609,0.10048581058016237,-0.07858437161153486,"{""type"":""MultiPoint"",""coordinates"":[]}"
2141,-0.24485810529688753,-0.1347990407544653,-0.15771685368961957,0.27788562922583293,-0.20076420909637427,"{""type"":""MultiPoint"",""coordinates"":[]}"
2150,-0.007200048591031127,-0.0969861589092314,0.0036160360003936742,0.021695661998726745,-0.057208004903363086,"{""type"":""MultiPoint"",""coordinates"":[]}"
2169,-0.2393749464510897,0.053809141951171424,-0.1955084435515379,0.23461435556252197,-0.09407132081942171,"{""type"":""MultiPoint"",""coordinates"":[]}"
2172,-0.06570098329856544,-0.08994836322181088,-0.027050568618602555,0.07714669319941181,-0.06831225330228319,"{""type"":""MultiPoint"",""coordinates"":[]}"
2182,-0.07744650388386859,-0.0790643359140627,-0.02996343508522492,0.07844027879692217,-0.06419277531480927,"{""type"":""MultiPoint"",""coordinates"":[]}"
2212,-0.157049406017007,-0.2913134748340942,-0.042375970743234126,0.30493457544465863,-0.22770010585274425,"{""type"":""MultiPoint"",""coordinates"":[]}"
2234,-0.045870227299336985,-0.04594761665322922,-0.019149805916196305,0.05593303364261093,-0.04341463079445196,"{""type"":""MultiPoint"",""coordinates"":[]}"
2248,-0.012768821639044137,-0.08564677198707954,0.004875008212389675,0.040105422445403494,-0.055021829739690054,"{""type"":""MultiPoint"",""coordinates"":[]}"
2292,-0.14285545929532928,0.020184292623360356,-0.11225261372331724,0.09330317485371598,-0.0561435473206241,"{""type"":""MultiPoint"",""coordinates"":[]}"
2297,-0.10304801589990131,-0.07441751276827496,-0.05811782970202467,0.14027140934200855,-0.08898244565524827,"{""type"":""MultiPoint"",""coordinates"":[]}"
2344,0.011456679780454698,-0.013205822016962132,0.012130371705448673,-0.0199904793441934,-0.0013148178067985405,"{""type"":""MultiPoint"",""coordinates"":[]}"
2356,0.09861605737192278,-0.05423163436743733,0.10267347828789125,-0.07125601447522989,0.03364953879520216,"{""type"":""MultiPoint"",""coordinates"":[]}"
2403,0.036993897482686895,-0.08406772076017294,0.056918605078181736,0.020809063861262855,-0.03106159965879801,"{""type"":""MultiPoint"",""coordinates"":[]}"
2414,-0.03791624328268761,-0.0036460139469917108,-0.036172076859531666,0.010390004892727123,-0.024495389693404257,"{""type"":""MultiPoint"",""coordinates"":[]}"
2419,0.016902437788758523,-0.11577687556262656,0.04177003617479072,0.032694500010927885,-0.06386231938993003,"{""type"":""MultiPoint"",""coordinates"":[]}"
2431,-0.042504948002241694,-0.09950906728907827,-0.01696972491844062,0.0650336450538983,-0.07571868431149908,"{""type"":""MultiPoint"",""coordinates"":[]}"
2435,-0.022525362701260265,-0.02804758297944837,-0.023515954410263384,-0.0018576620214129091,-0.029856858335032266,"{""type"":""MultiPoint"",""coordinates"":[]}"
2439,0.008054399249505129,0.0013237956924236904,4.6589373848227034E-4,-0.010497884228046539,0.0011656839056389812,"{""type"":""MultiPoint"",""coordinates"":[]}"
2474,-0.17816930381347174,-0.045423310749175105,-0.11761724861114398,0.19090366915869816,-0.09374896912371145,"{""type"":""MultiPoint"",""coordinates"":[]}"
2491,-0.20893813485498183,-0.1325319243506059,-0.11895452778085058,0.2662016727761648,-0.1748753206082142,"{""type"":""MultiPoint"",""coordinates"":[]}"
2494,-0.05395972178442207,-0.19167385337168313,0.0014558410418703538,0.12778185107294326,-0.1257199659234458,"{""type"":""MultiPoint"",""coordinates"":[]}"
